0,172.31.20.211,/mnt/nvme0/tmp/input/input-00000000
1,172.31.28.30,/mnt/nvme0/tmp/input/input-00000001
2,172.31.17.150,/mnt/nvme0/tmp/input/input-00000002
3,172.31.30.199,/mnt/nvme0/tmp/input/input-00000003
4,172.31.18.224,/mnt/nvme0/tmp/input/input-00000004
5,172.31.26.125,/mnt/nvme0/tmp/input/input-00000005
6,172.31.22.193,/mnt/nvme0/tmp/input/input-00000006
7,172.31.27.199,/mnt/nvme0/tmp/input/input-00000007
8,172.31.19.84,/mnt/nvme0/tmp/input/input-00000008
9,172.31.30.68,/mnt/nvme0/tmp/input/input-00000009
10,172.31.29.232,/mnt/nvme0/tmp/input/input-00000010
11,172.31.23.255,/mnt/nvme0/tmp/input/input-00000011
12,172.31.23.36,/mnt/nvme0/tmp/input/input-00000012
13,172.31.28.248,/mnt/nvme0/tmp/input/input-00000013
14,172.31.27.43,/mnt/nvme0/tmp/input/input-00000014
15,172.31.21.116,/mnt/nvme0/tmp/input/input-00000015
16,172.31.20.211,/mnt/nvme0/tmp/input/input-00000016
17,172.31.28.30,/mnt/nvme0/tmp/input/input-00000017
18,172.31.17.150,/mnt/nvme0/tmp/input/input-00000018
19,172.31.30.199,/mnt/nvme0/tmp/input/input-00000019
20,172.31.18.224,/mnt/nvme0/tmp/input/input-00000020
21,172.31.26.125,/mnt/nvme0/tmp/input/input-00000021
22,172.31.22.193,/mnt/nvme0/tmp/input/input-00000022
23,172.31.27.199,/mnt/nvme0/tmp/input/input-00000023
24,172.31.19.84,/mnt/nvme0/tmp/input/input-00000024
25,172.31.30.68,/mnt/nvme0/tmp/input/input-00000025
26,172.31.29.232,/mnt/nvme0/tmp/input/input-00000026
27,172.31.23.255,/mnt/nvme0/tmp/input/input-00000027
28,172.31.23.36,/mnt/nvme0/tmp/input/input-00000028
29,172.31.28.248,/mnt/nvme0/tmp/input/input-00000029
30,172.31.27.43,/mnt/nvme0/tmp/input/input-00000030
31,172.31.21.116,/mnt/nvme0/tmp/input/input-00000031
32,172.31.20.211,/mnt/nvme0/tmp/input/input-00000032
33,172.31.28.30,/mnt/nvme0/tmp/input/input-00000033
34,172.31.17.150,/mnt/nvme0/tmp/input/input-00000034
35,172.31.30.199,/mnt/nvme0/tmp/input/input-00000035
36,172.31.18.224,/mnt/nvme0/tmp/input/input-00000036
37,172.31.26.125,/mnt/nvme0/tmp/input/input-00000037
38,172.31.22.193,/mnt/nvme0/tmp/input/input-00000038
39,172.31.27.199,/mnt/nvme0/tmp/input/input-00000039
40,172.31.19.84,/mnt/nvme0/tmp/input/input-00000040
41,172.31.30.68,/mnt/nvme0/tmp/input/input-00000041
42,172.31.29.232,/mnt/nvme0/tmp/input/input-00000042
43,172.31.23.255,/mnt/nvme0/tmp/input/input-00000043
44,172.31.23.36,/mnt/nvme0/tmp/input/input-00000044
45,172.31.28.248,/mnt/nvme0/tmp/input/input-00000045
46,172.31.27.43,/mnt/nvme0/tmp/input/input-00000046
47,172.31.21.116,/mnt/nvme0/tmp/input/input-00000047
48,172.31.20.211,/mnt/nvme0/tmp/input/input-00000048
49,172.31.28.30,/mnt/nvme0/tmp/input/input-00000049
50,172.31.17.150,/mnt/nvme0/tmp/input/input-00000050
51,172.31.30.199,/mnt/nvme0/tmp/input/input-00000051
52,172.31.18.224,/mnt/nvme0/tmp/input/input-00000052
53,172.31.26.125,/mnt/nvme0/tmp/input/input-00000053
54,172.31.22.193,/mnt/nvme0/tmp/input/input-00000054
55,172.31.27.199,/mnt/nvme0/tmp/input/input-00000055
56,172.31.19.84,/mnt/nvme0/tmp/input/input-00000056
57,172.31.30.68,/mnt/nvme0/tmp/input/input-00000057
58,172.31.29.232,/mnt/nvme0/tmp/input/input-00000058
59,172.31.23.255,/mnt/nvme0/tmp/input/input-00000059
60,172.31.23.36,/mnt/nvme0/tmp/input/input-00000060
61,172.31.28.248,/mnt/nvme0/tmp/input/input-00000061
62,172.31.27.43,/mnt/nvme0/tmp/input/input-00000062
63,172.31.21.116,/mnt/nvme0/tmp/input/input-00000063
64,172.31.20.211,/mnt/nvme0/tmp/input/input-00000064
65,172.31.28.30,/mnt/nvme0/tmp/input/input-00000065
66,172.31.17.150,/mnt/nvme0/tmp/input/input-00000066
67,172.31.30.199,/mnt/nvme0/tmp/input/input-00000067
68,172.31.18.224,/mnt/nvme0/tmp/input/input-00000068
69,172.31.26.125,/mnt/nvme0/tmp/input/input-00000069
70,172.31.22.193,/mnt/nvme0/tmp/input/input-00000070
71,172.31.27.199,/mnt/nvme0/tmp/input/input-00000071
72,172.31.19.84,/mnt/nvme0/tmp/input/input-00000072
73,172.31.30.68,/mnt/nvme0/tmp/input/input-00000073
74,172.31.29.232,/mnt/nvme0/tmp/input/input-00000074
75,172.31.23.255,/mnt/nvme0/tmp/input/input-00000075
76,172.31.23.36,/mnt/nvme0/tmp/input/input-00000076
77,172.31.28.248,/mnt/nvme0/tmp/input/input-00000077
78,172.31.27.43,/mnt/nvme0/tmp/input/input-00000078
79,172.31.21.116,/mnt/nvme0/tmp/input/input-00000079
80,172.31.20.211,/mnt/nvme0/tmp/input/input-00000080
81,172.31.28.30,/mnt/nvme0/tmp/input/input-00000081
82,172.31.17.150,/mnt/nvme0/tmp/input/input-00000082
83,172.31.30.199,/mnt/nvme0/tmp/input/input-00000083
84,172.31.18.224,/mnt/nvme0/tmp/input/input-00000084
85,172.31.26.125,/mnt/nvme0/tmp/input/input-00000085
86,172.31.22.193,/mnt/nvme0/tmp/input/input-00000086
87,172.31.27.199,/mnt/nvme0/tmp/input/input-00000087
88,172.31.19.84,/mnt/nvme0/tmp/input/input-00000088
89,172.31.30.68,/mnt/nvme0/tmp/input/input-00000089
90,172.31.29.232,/mnt/nvme0/tmp/input/input-00000090
91,172.31.23.255,/mnt/nvme0/tmp/input/input-00000091
92,172.31.23.36,/mnt/nvme0/tmp/input/input-00000092
93,172.31.28.248,/mnt/nvme0/tmp/input/input-00000093
94,172.31.27.43,/mnt/nvme0/tmp/input/input-00000094
95,172.31.21.116,/mnt/nvme0/tmp/input/input-00000095
96,172.31.20.211,/mnt/nvme0/tmp/input/input-00000096
97,172.31.28.30,/mnt/nvme0/tmp/input/input-00000097
98,172.31.17.150,/mnt/nvme0/tmp/input/input-00000098
99,172.31.30.199,/mnt/nvme0/tmp/input/input-00000099
100,172.31.18.224,/mnt/nvme0/tmp/input/input-00000100
101,172.31.26.125,/mnt/nvme0/tmp/input/input-00000101
102,172.31.22.193,/mnt/nvme0/tmp/input/input-00000102
103,172.31.27.199,/mnt/nvme0/tmp/input/input-00000103
104,172.31.19.84,/mnt/nvme0/tmp/input/input-00000104
105,172.31.30.68,/mnt/nvme0/tmp/input/input-00000105
106,172.31.29.232,/mnt/nvme0/tmp/input/input-00000106
107,172.31.23.255,/mnt/nvme0/tmp/input/input-00000107
108,172.31.23.36,/mnt/nvme0/tmp/input/input-00000108
109,172.31.28.248,/mnt/nvme0/tmp/input/input-00000109
110,172.31.27.43,/mnt/nvme0/tmp/input/input-00000110
111,172.31.21.116,/mnt/nvme0/tmp/input/input-00000111
112,172.31.20.211,/mnt/nvme0/tmp/input/input-00000112
113,172.31.28.30,/mnt/nvme0/tmp/input/input-00000113
114,172.31.17.150,/mnt/nvme0/tmp/input/input-00000114
115,172.31.30.199,/mnt/nvme0/tmp/input/input-00000115
116,172.31.18.224,/mnt/nvme0/tmp/input/input-00000116
117,172.31.26.125,/mnt/nvme0/tmp/input/input-00000117
118,172.31.22.193,/mnt/nvme0/tmp/input/input-00000118
119,172.31.27.199,/mnt/nvme0/tmp/input/input-00000119
120,172.31.19.84,/mnt/nvme0/tmp/input/input-00000120
121,172.31.30.68,/mnt/nvme0/tmp/input/input-00000121
122,172.31.29.232,/mnt/nvme0/tmp/input/input-00000122
123,172.31.23.255,/mnt/nvme0/tmp/input/input-00000123
124,172.31.23.36,/mnt/nvme0/tmp/input/input-00000124
125,172.31.28.248,/mnt/nvme0/tmp/input/input-00000125
126,172.31.27.43,/mnt/nvme0/tmp/input/input-00000126
127,172.31.21.116,/mnt/nvme0/tmp/input/input-00000127
128,172.31.20.211,/mnt/nvme0/tmp/input/input-00000128
129,172.31.28.30,/mnt/nvme0/tmp/input/input-00000129
130,172.31.17.150,/mnt/nvme0/tmp/input/input-00000130
131,172.31.30.199,/mnt/nvme0/tmp/input/input-00000131
132,172.31.18.224,/mnt/nvme0/tmp/input/input-00000132
133,172.31.26.125,/mnt/nvme0/tmp/input/input-00000133
134,172.31.22.193,/mnt/nvme0/tmp/input/input-00000134
135,172.31.27.199,/mnt/nvme0/tmp/input/input-00000135
136,172.31.19.84,/mnt/nvme0/tmp/input/input-00000136
137,172.31.30.68,/mnt/nvme0/tmp/input/input-00000137
138,172.31.29.232,/mnt/nvme0/tmp/input/input-00000138
139,172.31.23.255,/mnt/nvme0/tmp/input/input-00000139
140,172.31.23.36,/mnt/nvme0/tmp/input/input-00000140
141,172.31.28.248,/mnt/nvme0/tmp/input/input-00000141
142,172.31.27.43,/mnt/nvme0/tmp/input/input-00000142
143,172.31.21.116,/mnt/nvme0/tmp/input/input-00000143
144,172.31.20.211,/mnt/nvme0/tmp/input/input-00000144
145,172.31.28.30,/mnt/nvme0/tmp/input/input-00000145
146,172.31.17.150,/mnt/nvme0/tmp/input/input-00000146
147,172.31.30.199,/mnt/nvme0/tmp/input/input-00000147
148,172.31.18.224,/mnt/nvme0/tmp/input/input-00000148
149,172.31.26.125,/mnt/nvme0/tmp/input/input-00000149
150,172.31.22.193,/mnt/nvme0/tmp/input/input-00000150
151,172.31.27.199,/mnt/nvme0/tmp/input/input-00000151
152,172.31.19.84,/mnt/nvme0/tmp/input/input-00000152
153,172.31.30.68,/mnt/nvme0/tmp/input/input-00000153
154,172.31.29.232,/mnt/nvme0/tmp/input/input-00000154
155,172.31.23.255,/mnt/nvme0/tmp/input/input-00000155
156,172.31.23.36,/mnt/nvme0/tmp/input/input-00000156
157,172.31.28.248,/mnt/nvme0/tmp/input/input-00000157
158,172.31.27.43,/mnt/nvme0/tmp/input/input-00000158
159,172.31.21.116,/mnt/nvme0/tmp/input/input-00000159
160,172.31.20.211,/mnt/nvme0/tmp/input/input-00000160
161,172.31.28.30,/mnt/nvme0/tmp/input/input-00000161
162,172.31.17.150,/mnt/nvme0/tmp/input/input-00000162
163,172.31.30.199,/mnt/nvme0/tmp/input/input-00000163
164,172.31.18.224,/mnt/nvme0/tmp/input/input-00000164
165,172.31.26.125,/mnt/nvme0/tmp/input/input-00000165
166,172.31.22.193,/mnt/nvme0/tmp/input/input-00000166
167,172.31.27.199,/mnt/nvme0/tmp/input/input-00000167
168,172.31.19.84,/mnt/nvme0/tmp/input/input-00000168
169,172.31.30.68,/mnt/nvme0/tmp/input/input-00000169
170,172.31.29.232,/mnt/nvme0/tmp/input/input-00000170
171,172.31.23.255,/mnt/nvme0/tmp/input/input-00000171
172,172.31.23.36,/mnt/nvme0/tmp/input/input-00000172
173,172.31.28.248,/mnt/nvme0/tmp/input/input-00000173
174,172.31.27.43,/mnt/nvme0/tmp/input/input-00000174
175,172.31.21.116,/mnt/nvme0/tmp/input/input-00000175
176,172.31.20.211,/mnt/nvme0/tmp/input/input-00000176
177,172.31.28.30,/mnt/nvme0/tmp/input/input-00000177
178,172.31.17.150,/mnt/nvme0/tmp/input/input-00000178
179,172.31.30.199,/mnt/nvme0/tmp/input/input-00000179
180,172.31.18.224,/mnt/nvme0/tmp/input/input-00000180
181,172.31.26.125,/mnt/nvme0/tmp/input/input-00000181
182,172.31.22.193,/mnt/nvme0/tmp/input/input-00000182
183,172.31.27.199,/mnt/nvme0/tmp/input/input-00000183
184,172.31.19.84,/mnt/nvme0/tmp/input/input-00000184
185,172.31.30.68,/mnt/nvme0/tmp/input/input-00000185
186,172.31.29.232,/mnt/nvme0/tmp/input/input-00000186
187,172.31.23.255,/mnt/nvme0/tmp/input/input-00000187
188,172.31.23.36,/mnt/nvme0/tmp/input/input-00000188
189,172.31.28.248,/mnt/nvme0/tmp/input/input-00000189
190,172.31.27.43,/mnt/nvme0/tmp/input/input-00000190
191,172.31.21.116,/mnt/nvme0/tmp/input/input-00000191
192,172.31.20.211,/mnt/nvme0/tmp/input/input-00000192
193,172.31.28.30,/mnt/nvme0/tmp/input/input-00000193
194,172.31.17.150,/mnt/nvme0/tmp/input/input-00000194
195,172.31.30.199,/mnt/nvme0/tmp/input/input-00000195
196,172.31.18.224,/mnt/nvme0/tmp/input/input-00000196
197,172.31.26.125,/mnt/nvme0/tmp/input/input-00000197
198,172.31.22.193,/mnt/nvme0/tmp/input/input-00000198
199,172.31.27.199,/mnt/nvme0/tmp/input/input-00000199
200,172.31.19.84,/mnt/nvme0/tmp/input/input-00000200
201,172.31.30.68,/mnt/nvme0/tmp/input/input-00000201
202,172.31.29.232,/mnt/nvme0/tmp/input/input-00000202
203,172.31.23.255,/mnt/nvme0/tmp/input/input-00000203
204,172.31.23.36,/mnt/nvme0/tmp/input/input-00000204
205,172.31.28.248,/mnt/nvme0/tmp/input/input-00000205
206,172.31.27.43,/mnt/nvme0/tmp/input/input-00000206
207,172.31.21.116,/mnt/nvme0/tmp/input/input-00000207
208,172.31.20.211,/mnt/nvme0/tmp/input/input-00000208
209,172.31.28.30,/mnt/nvme0/tmp/input/input-00000209
210,172.31.17.150,/mnt/nvme0/tmp/input/input-00000210
211,172.31.30.199,/mnt/nvme0/tmp/input/input-00000211
212,172.31.18.224,/mnt/nvme0/tmp/input/input-00000212
213,172.31.26.125,/mnt/nvme0/tmp/input/input-00000213
214,172.31.22.193,/mnt/nvme0/tmp/input/input-00000214
215,172.31.27.199,/mnt/nvme0/tmp/input/input-00000215
216,172.31.19.84,/mnt/nvme0/tmp/input/input-00000216
217,172.31.30.68,/mnt/nvme0/tmp/input/input-00000217
218,172.31.29.232,/mnt/nvme0/tmp/input/input-00000218
219,172.31.23.255,/mnt/nvme0/tmp/input/input-00000219
220,172.31.23.36,/mnt/nvme0/tmp/input/input-00000220
221,172.31.28.248,/mnt/nvme0/tmp/input/input-00000221
222,172.31.27.43,/mnt/nvme0/tmp/input/input-00000222
223,172.31.21.116,/mnt/nvme0/tmp/input/input-00000223
224,172.31.20.211,/mnt/nvme0/tmp/input/input-00000224
225,172.31.28.30,/mnt/nvme0/tmp/input/input-00000225
226,172.31.17.150,/mnt/nvme0/tmp/input/input-00000226
227,172.31.30.199,/mnt/nvme0/tmp/input/input-00000227
228,172.31.18.224,/mnt/nvme0/tmp/input/input-00000228
229,172.31.26.125,/mnt/nvme0/tmp/input/input-00000229
230,172.31.22.193,/mnt/nvme0/tmp/input/input-00000230
231,172.31.27.199,/mnt/nvme0/tmp/input/input-00000231
232,172.31.19.84,/mnt/nvme0/tmp/input/input-00000232
233,172.31.30.68,/mnt/nvme0/tmp/input/input-00000233
234,172.31.29.232,/mnt/nvme0/tmp/input/input-00000234
235,172.31.23.255,/mnt/nvme0/tmp/input/input-00000235
236,172.31.23.36,/mnt/nvme0/tmp/input/input-00000236
237,172.31.28.248,/mnt/nvme0/tmp/input/input-00000237
238,172.31.27.43,/mnt/nvme0/tmp/input/input-00000238
239,172.31.21.116,/mnt/nvme0/tmp/input/input-00000239
240,172.31.20.211,/mnt/nvme0/tmp/input/input-00000240
241,172.31.28.30,/mnt/nvme0/tmp/input/input-00000241
242,172.31.17.150,/mnt/nvme0/tmp/input/input-00000242
243,172.31.30.199,/mnt/nvme0/tmp/input/input-00000243
244,172.31.18.224,/mnt/nvme0/tmp/input/input-00000244
245,172.31.26.125,/mnt/nvme0/tmp/input/input-00000245
246,172.31.22.193,/mnt/nvme0/tmp/input/input-00000246
247,172.31.27.199,/mnt/nvme0/tmp/input/input-00000247
248,172.31.19.84,/mnt/nvme0/tmp/input/input-00000248
249,172.31.30.68,/mnt/nvme0/tmp/input/input-00000249
250,172.31.29.232,/mnt/nvme0/tmp/input/input-00000250
251,172.31.23.255,/mnt/nvme0/tmp/input/input-00000251
252,172.31.23.36,/mnt/nvme0/tmp/input/input-00000252
253,172.31.28.248,/mnt/nvme0/tmp/input/input-00000253
254,172.31.27.43,/mnt/nvme0/tmp/input/input-00000254
255,172.31.21.116,/mnt/nvme0/tmp/input/input-00000255
256,172.31.20.211,/mnt/nvme0/tmp/input/input-00000256
257,172.31.28.30,/mnt/nvme0/tmp/input/input-00000257
258,172.31.17.150,/mnt/nvme0/tmp/input/input-00000258
259,172.31.30.199,/mnt/nvme0/tmp/input/input-00000259
260,172.31.18.224,/mnt/nvme0/tmp/input/input-00000260
261,172.31.26.125,/mnt/nvme0/tmp/input/input-00000261
262,172.31.22.193,/mnt/nvme0/tmp/input/input-00000262
263,172.31.27.199,/mnt/nvme0/tmp/input/input-00000263
264,172.31.19.84,/mnt/nvme0/tmp/input/input-00000264
265,172.31.30.68,/mnt/nvme0/tmp/input/input-00000265
266,172.31.29.232,/mnt/nvme0/tmp/input/input-00000266
267,172.31.23.255,/mnt/nvme0/tmp/input/input-00000267
268,172.31.23.36,/mnt/nvme0/tmp/input/input-00000268
269,172.31.28.248,/mnt/nvme0/tmp/input/input-00000269
270,172.31.27.43,/mnt/nvme0/tmp/input/input-00000270
271,172.31.21.116,/mnt/nvme0/tmp/input/input-00000271
272,172.31.20.211,/mnt/nvme0/tmp/input/input-00000272
273,172.31.28.30,/mnt/nvme0/tmp/input/input-00000273
274,172.31.17.150,/mnt/nvme0/tmp/input/input-00000274
275,172.31.30.199,/mnt/nvme0/tmp/input/input-00000275
276,172.31.18.224,/mnt/nvme0/tmp/input/input-00000276
277,172.31.26.125,/mnt/nvme0/tmp/input/input-00000277
278,172.31.22.193,/mnt/nvme0/tmp/input/input-00000278
279,172.31.27.199,/mnt/nvme0/tmp/input/input-00000279
280,172.31.19.84,/mnt/nvme0/tmp/input/input-00000280
281,172.31.30.68,/mnt/nvme0/tmp/input/input-00000281
282,172.31.29.232,/mnt/nvme0/tmp/input/input-00000282
283,172.31.23.255,/mnt/nvme0/tmp/input/input-00000283
284,172.31.23.36,/mnt/nvme0/tmp/input/input-00000284
285,172.31.28.248,/mnt/nvme0/tmp/input/input-00000285
286,172.31.27.43,/mnt/nvme0/tmp/input/input-00000286
287,172.31.21.116,/mnt/nvme0/tmp/input/input-00000287
288,172.31.20.211,/mnt/nvme0/tmp/input/input-00000288
289,172.31.28.30,/mnt/nvme0/tmp/input/input-00000289
290,172.31.17.150,/mnt/nvme0/tmp/input/input-00000290
291,172.31.30.199,/mnt/nvme0/tmp/input/input-00000291
292,172.31.18.224,/mnt/nvme0/tmp/input/input-00000292
293,172.31.26.125,/mnt/nvme0/tmp/input/input-00000293
294,172.31.22.193,/mnt/nvme0/tmp/input/input-00000294
295,172.31.27.199,/mnt/nvme0/tmp/input/input-00000295
296,172.31.19.84,/mnt/nvme0/tmp/input/input-00000296
297,172.31.30.68,/mnt/nvme0/tmp/input/input-00000297
298,172.31.29.232,/mnt/nvme0/tmp/input/input-00000298
299,172.31.23.255,/mnt/nvme0/tmp/input/input-00000299
300,172.31.23.36,/mnt/nvme0/tmp/input/input-00000300
301,172.31.28.248,/mnt/nvme0/tmp/input/input-00000301
302,172.31.27.43,/mnt/nvme0/tmp/input/input-00000302
303,172.31.21.116,/mnt/nvme0/tmp/input/input-00000303
304,172.31.20.211,/mnt/nvme0/tmp/input/input-00000304
305,172.31.28.30,/mnt/nvme0/tmp/input/input-00000305
306,172.31.17.150,/mnt/nvme0/tmp/input/input-00000306
307,172.31.30.199,/mnt/nvme0/tmp/input/input-00000307
308,172.31.18.224,/mnt/nvme0/tmp/input/input-00000308
309,172.31.26.125,/mnt/nvme0/tmp/input/input-00000309
310,172.31.22.193,/mnt/nvme0/tmp/input/input-00000310
311,172.31.27.199,/mnt/nvme0/tmp/input/input-00000311
312,172.31.19.84,/mnt/nvme0/tmp/input/input-00000312
313,172.31.30.68,/mnt/nvme0/tmp/input/input-00000313
314,172.31.29.232,/mnt/nvme0/tmp/input/input-00000314
315,172.31.23.255,/mnt/nvme0/tmp/input/input-00000315
316,172.31.23.36,/mnt/nvme0/tmp/input/input-00000316
317,172.31.28.248,/mnt/nvme0/tmp/input/input-00000317
318,172.31.27.43,/mnt/nvme0/tmp/input/input-00000318
319,172.31.21.116,/mnt/nvme0/tmp/input/input-00000319
320,172.31.20.211,/mnt/nvme0/tmp/input/input-00000320
321,172.31.28.30,/mnt/nvme0/tmp/input/input-00000321
322,172.31.17.150,/mnt/nvme0/tmp/input/input-00000322
323,172.31.30.199,/mnt/nvme0/tmp/input/input-00000323
324,172.31.18.224,/mnt/nvme0/tmp/input/input-00000324
325,172.31.26.125,/mnt/nvme0/tmp/input/input-00000325
326,172.31.22.193,/mnt/nvme0/tmp/input/input-00000326
327,172.31.27.199,/mnt/nvme0/tmp/input/input-00000327
328,172.31.19.84,/mnt/nvme0/tmp/input/input-00000328
329,172.31.30.68,/mnt/nvme0/tmp/input/input-00000329
330,172.31.29.232,/mnt/nvme0/tmp/input/input-00000330
331,172.31.23.255,/mnt/nvme0/tmp/input/input-00000331
332,172.31.23.36,/mnt/nvme0/tmp/input/input-00000332
333,172.31.28.248,/mnt/nvme0/tmp/input/input-00000333
334,172.31.27.43,/mnt/nvme0/tmp/input/input-00000334
335,172.31.21.116,/mnt/nvme0/tmp/input/input-00000335
336,172.31.20.211,/mnt/nvme0/tmp/input/input-00000336
337,172.31.28.30,/mnt/nvme0/tmp/input/input-00000337
338,172.31.17.150,/mnt/nvme0/tmp/input/input-00000338
339,172.31.30.199,/mnt/nvme0/tmp/input/input-00000339
340,172.31.18.224,/mnt/nvme0/tmp/input/input-00000340
341,172.31.26.125,/mnt/nvme0/tmp/input/input-00000341
342,172.31.22.193,/mnt/nvme0/tmp/input/input-00000342
343,172.31.27.199,/mnt/nvme0/tmp/input/input-00000343
344,172.31.19.84,/mnt/nvme0/tmp/input/input-00000344
345,172.31.30.68,/mnt/nvme0/tmp/input/input-00000345
346,172.31.29.232,/mnt/nvme0/tmp/input/input-00000346
347,172.31.23.255,/mnt/nvme0/tmp/input/input-00000347
348,172.31.23.36,/mnt/nvme0/tmp/input/input-00000348
349,172.31.28.248,/mnt/nvme0/tmp/input/input-00000349
350,172.31.27.43,/mnt/nvme0/tmp/input/input-00000350
351,172.31.21.116,/mnt/nvme0/tmp/input/input-00000351
352,172.31.20.211,/mnt/nvme0/tmp/input/input-00000352
353,172.31.28.30,/mnt/nvme0/tmp/input/input-00000353
354,172.31.17.150,/mnt/nvme0/tmp/input/input-00000354
355,172.31.30.199,/mnt/nvme0/tmp/input/input-00000355
356,172.31.18.224,/mnt/nvme0/tmp/input/input-00000356
357,172.31.26.125,/mnt/nvme0/tmp/input/input-00000357
358,172.31.22.193,/mnt/nvme0/tmp/input/input-00000358
359,172.31.27.199,/mnt/nvme0/tmp/input/input-00000359
360,172.31.19.84,/mnt/nvme0/tmp/input/input-00000360
361,172.31.30.68,/mnt/nvme0/tmp/input/input-00000361
362,172.31.29.232,/mnt/nvme0/tmp/input/input-00000362
363,172.31.23.255,/mnt/nvme0/tmp/input/input-00000363
364,172.31.23.36,/mnt/nvme0/tmp/input/input-00000364
365,172.31.28.248,/mnt/nvme0/tmp/input/input-00000365
366,172.31.27.43,/mnt/nvme0/tmp/input/input-00000366
367,172.31.21.116,/mnt/nvme0/tmp/input/input-00000367
368,172.31.20.211,/mnt/nvme0/tmp/input/input-00000368
369,172.31.28.30,/mnt/nvme0/tmp/input/input-00000369
370,172.31.17.150,/mnt/nvme0/tmp/input/input-00000370
371,172.31.30.199,/mnt/nvme0/tmp/input/input-00000371
372,172.31.18.224,/mnt/nvme0/tmp/input/input-00000372
373,172.31.26.125,/mnt/nvme0/tmp/input/input-00000373
374,172.31.22.193,/mnt/nvme0/tmp/input/input-00000374
375,172.31.27.199,/mnt/nvme0/tmp/input/input-00000375
376,172.31.19.84,/mnt/nvme0/tmp/input/input-00000376
377,172.31.30.68,/mnt/nvme0/tmp/input/input-00000377
378,172.31.29.232,/mnt/nvme0/tmp/input/input-00000378
379,172.31.23.255,/mnt/nvme0/tmp/input/input-00000379
380,172.31.23.36,/mnt/nvme0/tmp/input/input-00000380
381,172.31.28.248,/mnt/nvme0/tmp/input/input-00000381
382,172.31.27.43,/mnt/nvme0/tmp/input/input-00000382
383,172.31.21.116,/mnt/nvme0/tmp/input/input-00000383
384,172.31.20.211,/mnt/nvme0/tmp/input/input-00000384
385,172.31.28.30,/mnt/nvme0/tmp/input/input-00000385
386,172.31.17.150,/mnt/nvme0/tmp/input/input-00000386
387,172.31.30.199,/mnt/nvme0/tmp/input/input-00000387
388,172.31.18.224,/mnt/nvme0/tmp/input/input-00000388
389,172.31.26.125,/mnt/nvme0/tmp/input/input-00000389
390,172.31.22.193,/mnt/nvme0/tmp/input/input-00000390
391,172.31.27.199,/mnt/nvme0/tmp/input/input-00000391
392,172.31.19.84,/mnt/nvme0/tmp/input/input-00000392
393,172.31.30.68,/mnt/nvme0/tmp/input/input-00000393
394,172.31.29.232,/mnt/nvme0/tmp/input/input-00000394
395,172.31.23.255,/mnt/nvme0/tmp/input/input-00000395
396,172.31.23.36,/mnt/nvme0/tmp/input/input-00000396
397,172.31.28.248,/mnt/nvme0/tmp/input/input-00000397
398,172.31.27.43,/mnt/nvme0/tmp/input/input-00000398
399,172.31.21.116,/mnt/nvme0/tmp/input/input-00000399
400,172.31.20.211,/mnt/nvme0/tmp/input/input-00000400
401,172.31.28.30,/mnt/nvme0/tmp/input/input-00000401
402,172.31.17.150,/mnt/nvme0/tmp/input/input-00000402
403,172.31.30.199,/mnt/nvme0/tmp/input/input-00000403
404,172.31.18.224,/mnt/nvme0/tmp/input/input-00000404
405,172.31.26.125,/mnt/nvme0/tmp/input/input-00000405
406,172.31.22.193,/mnt/nvme0/tmp/input/input-00000406
407,172.31.27.199,/mnt/nvme0/tmp/input/input-00000407
408,172.31.19.84,/mnt/nvme0/tmp/input/input-00000408
409,172.31.30.68,/mnt/nvme0/tmp/input/input-00000409
